gene	exposure_ensg	outcome_id	outcome_short	ivw_nsnp	ivw_b	ivw_se	ci_low	ci_high	ivw_pval	ivw_fdr
PAX8-AS1	ENSG00000189223	ebi-a-GCST006586	Urinary albumin excretion	6	-0.00734871796754912	0.00239537245978502	-0.0120436479887278	-0.00265378794637048	0.0021558235495516	0.0352650127058636
JAG1	ENSG00000101384	ebi-a-GCST006586	Urinary albumin excretion	4	0.031613452365562	0.0103269354416298	0.0113726588999676	0.0518542458311564	0.00220406329411647	0.0352650127058636
H3-3A	ENSG00000163041	ebi-a-GCST90103634	Estimated glomerular filtration rate (creatinine)	3	0.00164992912789289	0.000581324580167688	0.000510532950764221	0.00278932530502156	0.00453653943031249	0.0438736127735156
ID3	ENSG00000117318	ebi-a-GCST90103634	Estimated glomerular filtration rate (creatinine)	2	-0.00399441966079727	0.00143832887863753	-0.00681354426292683	-0.00117529505866771	0.00548420159668945	0.0438736127735156
