cluster	proposed_cell_type	proposed_state	evidence_top_markers	notes	main_run_pvalue	repeat_run_pvalue
6			KLHL13, ACP3, SLC4A7, MGLL, SLC12A1		5.45089023740436e-05	5.44981238666438e-05
7			TNFRSF12A, VCL, ACTB, GADD45B, WSB1		8.04869079884205e-08	8.27984307528666e-08
15			SLC4A1, NRXN3, STAP1, DSG2, CELF2		0.0392884394746122	3.45904801227647e-07
17			GDF15, BHLHE40, ADM, PSG9, PSG5		0.0792242900402478	3.27528902646634e-07
20			ID3, FXYD4, H2BC5, H2AC6, H2BC21		0.00207589547408467	0.000355481462901872
21			H1-3, ABCA13, H2BC8, H1-2, SATB2		2.14814305233449e-09	0.00176390035787226
