primary_cluster	primary_cell_type	primary_state	primary_main_pvalue	primary_repeat_pvalue	rep_best_cluster	rep_best_pvalue	rep_best_neglog10p	rep_marker_overlap_n	rep_marker_overlap_ratio
0	NA	NA	0.00226300286087085	0.00226300286087085	17	0.0956005448340026	1.01953963264308	39	0.39
4	NA	NA	0.00427010995156906	0.00427010995156906	16	0.184009334098698	0.735160146312525	56	0.56
13	NA	NA	0.000324046148150457	0.000324046148150457	18	0.209918534515903	0.677949214192192	46	0.46
6	Thick ascending limb (TAL) / loop of Henle	TAL program; possible stress-response overlay	0.00636059846791592	0.00636059846791592	6	0.211823091460184	0.674026697924949	49	0.49
9	NA	NA	0.0293877938388508	0.0293877938388508	12	0.295751413217813	0.529073171463408	49	0.49
14	NA	NA	0.044107822999213	0.044107822999213	15	0.343112716330431	0.464563185966572	65	0.65
7	Injured tubular epithelial program (mixed)	Stress/injury response (immediate-early / inflammatory)	0.0470333322124357	0.0470333322124357	3	0.348752257893448	0.457482971997942	43	0.43
12	NA	NA	0.00652758132542942	0.00652758132542942	14	0.394511382066818	0.403940462422867	56	0.56
